{"schemaVersion":"1.0","appDefinitionTemplate":{"id":"/providers/Microsoft.PowerApps/apps/","type":"Microsoft.PowerApps/apps","tags":{"primaryDeviceWidth":"1366","primaryDeviceHeight":"768","sienaVersion":"20210801T084006Z-3.21072.28.0","deviceCapabilities":"webcam","supportsPortrait":"true","supportsLandscape":"true","primaryFormFactor":"Tablet","publisherVersion":"3.21072.28","minimumRequiredApiVersion":"2.2.0","hasComponent":"true","hasUnlockedComponent":"true","isUnifiedRootApp":"false"},"properties":{"appVersion":"2021-08-01T08:40:06Z","lifeCycleId":"Published","createdByClientVersion":{"major":3,"minor":21072,"build":28,"revision":0,"majorRevision":0,"minorRevision":0},"minClientVersion":{"major":3,"minor":21072,"build":28,"revision":0,"majorRevision":0,"minorRevision":0},"backgroundColor":"rgba(0, 176, 240, 1)","backgroundImageUri":"/1916375054107972318/N8134ba26-6359-415d-9f8e-12a85a376d8a-logoSmallFile","displayName":"AplicacionHack","description":"","commitMessage":"","appUris":{"documentUri":{"value":"/1916375054107972318/N30d35ba1-2bcb-491a-8971-5f3e8918eaa7-document.msapp"},"imageUris":[]},"createdTime":"0001-01-01T00:00:00Z","lastModifiedTime":"0001-01-01T00:00:00Z","sharedGroupsCount":0,"sharedUsersCount":0,"icons":{"smallIconUri":"/1916375054107972318/N9d2d2bc4-5d29-45ca-a339-806b83ea2c2d-small.png","mediumIconUri":"/1916375054107972318/Nf53a5098-9aa3-48d3-beec-a567e41c0e92-medium.png","largeIconUri":"/1916375054107972318/Nbb085631-e93b-4c2e-b745-dbb6c965b48f-large.png","wideIconUri":"/1916375054107972318/N55da7541-f64a-4d45-a7f3-620a3bb9f7c1-wide.png"},"connectionReferences":{"fd14241f-927e-4d0c-97bb-6b028233e455":{"id":"db7609a7-b91f-4e47-89ef-c4283b5819ab","displayName":"Usuarios de Office 365","iconUri":"https://connectoricons-prod.azureedge.net/releases/v1.0.1472/1.0.1472.2427/office365users/icon.png","dataSources":["UsuariosdeOffice365"],"dependencies":[],"dependents":[],"parameterHints":{},"parameterHintsV2":{},"isOnPremiseConnection":false,"bypassConsent":false,"dataSets":{},"apiTier":"Standard","isCustomApiConnection":false}},"databaseReferences":{},"almMode":"Environment","performanceOptimizationEnabled":true,"canConsumeAppPass":true,"executionRestrictions":{"isTeamsOnly":false,"dataLossPreventionEvaluationResult":{"status":"Compliant","lastEvaluationDate":"2021-08-01T02:58:08.9903057Z","violations":[],"violationsByPolicy":[],"violationErrorMessage":"La aplicación usa los siguientes conectores: ."}}},"appType":"ClassicCanvasApp","appComponents":[]}}